{"ingest_time": 4.331645965576172, "extraction_time": 4.227919816970825, "indexing_time": 0.0507969856262207, "doc_count": 18, "chunk_count": 192, "vocab_size": 3610}