{"ingest_time": 6.823031902313232, "extraction_time": 3.4640538692474365, "indexing_time": 1.0994739532470703, "doc_count": 18, "chunk_count": 56306}